;Close (WBTC);Predicted Close (WBTC);Conditional Volatility
2021-01-06;0.07202491;0.07029195839609334;0.005162277953266946
2021-01-07;0.06475844;0.07129055844943258;0.004921924580919799
2021-01-08;0.06081559;0.06761820787322519;0.005556108295621126
2021-01-09;0.07250972;0.06649083596834111;0.005793693027101266
2021-01-10;0.06858674;0.07022250828501304;0.005765273095215423
2021-01-11;0.07005859;0.06647411683911182;0.005089915465398163
2021-01-12;0.08112178;0.07084560002311001;0.005108646508353682
2021-01-13;0.08112178;0.07524238061403139;0.006720491044974358
2021-01-14;0.08112178;0.07491720586657885;0.006031264627608955
2021-01-15;0.08112178;0.07807185151507297;0.005877737512344593
2021-01-16;0.08112178;0.07780020445858314;0.005286256499495088
2021-01-17;0.08112178;0.07775041094469318;0.005131114569649604
2021-01-18;0.08112178;0.07765462953720834;0.005090536788696448
2021-01-19;0.08112178;0.07765408621105264;0.005091825335923217
2021-01-20;0.08112178;0.07805317015620514;0.005092289455682269
2021-01-21;0.08112178;0.07821405490837113;0.005038239393061168
2021-01-22;0.08112178;0.07838371117042445;0.005001630601693808
2021-01-23;0.08112178;0.07841683614480298;0.0049702007453329465
2021-01-24;0.08112178;0.0784536261352564;0.004956869416019473
2021-01-25;0.08112178;0.07850390557802343;0.004948616663147163
2021-01-26;0.08112178;0.0785547040193986;0.004940414489689383
2021-01-27;0.08112178;0.07860747430187326;0.004932262925460228
2021-01-28;0.08112178;0.0786406240557955;0.004924006886298149
2021-01-29;0.08112178;0.07866601438831375;0.00491793151023516
2021-01-30;0.08112178;0.07868417033477026;0.004913380711015652
2021-01-31;0.08112178;0.07870070804977342;0.004910079480278418
2021-02-01;0.08112178;0.07871596020729578;0.004907336651568959
2021-02-02;0.08112178;0.07872877583049286;0.004904906727804849
2021-02-03;0.08112178;0.07873928212828557;0.0049028341545313565
2021-02-04;0.08112178;0.07874733933349719;0.0049011155059733675
2021-02-05;0.08112178;0.07875388531295682;0.00489976153832341
2021-02-06;0.071509;0.07875931059290048;0.00489867603347629
2021-02-07;0.06315932;0.07417334064364016;0.005721279762714987
2021-02-08;0.0641923;0.07063352559452152;0.006989176331441031
2021-02-09;0.07801713;0.06874276326753816;0.006166623942665788
2021-02-10;0.0685998;0.07275720787313192;0.006690093821833149
2021-02-11;0.07092746;0.06813945117765476;0.005666865527818189
2021-02-12;0.08012139;0.0739992433366938;0.005185606200294844
2021-02-13;0.08012139;0.07587474476147402;0.005611896628710988
2021-02-14;0.08012139;0.07525560469741212;0.0053718167448297376
2021-02-15;0.08012139;0.07775683791044949;0.005407041960676719
2021-02-16;0.08012139;0.07739977955243535;0.005055896497823303
2021-02-17;0.08012139;0.07759603603011757;0.004984729308719994
2021-02-18;0.08012139;0.07737186171134867;0.0049410341861872275
2021-02-19;0.08012139;0.07734756811192733;0.0049533339158198365
2021-02-20;0.08012139;0.07756980055017121;0.0049598911036092055
2021-02-21;0.08012139;0.07766122819435403;0.004936410713665428
2021-02-22;0.08012139;0.0777881138871126;0.0049194064466224425
2021-02-23;0.08012139;0.07779861859382683;0.00490101833251144
2021-02-24;0.08012139;0.07782057528267991;0.004894416269883545
2021-02-25;0.08012139;0.07784130340839261;0.00489020534640863
2021-02-26;0.08012139;0.07786898779477776;0.00488685409379442
2021-02-27;0.08012139;0.07790014113607738;0.004883085977218148
2021-02-28;0.08012139;0.07791956153537254;0.004878881543825904
2021-03-01;0.08012139;0.07793479479334546;0.004875722287858305
2021-03-02;0.08012139;0.07794435534901134;0.004873295968996563
2021-03-03;0.08012139;0.07795338136880563;0.004871644645055441
2021-03-04;0.08012139;0.07796170224094862;0.00487028074877346
2021-03-05;0.08012139;0.07796896288327576;0.004869073715647355
2021-03-06;0.07189601;0.07797499650734027;0.004868017576545368
2021-03-07;0.06345813;0.07405153516652876;0.0054405644063499296
2021-03-08;0.06668591;0.07040537795186541;0.006791113932534402
2021-03-09;0.07670575;0.06996682067724369;0.005644613284494711
2021-03-10;0.07108169;0.0720568083638022;0.00588331939474975
2021-03-11;0.0726948;0.07000981847122593;0.005100947340588408
2021-03-12;0.07998381;0.0742867236986018;0.004994265041153414
2021-03-13;0.07998381;0.07623120987301564;0.005465817066584926
2021-03-14;0.07998381;0.07572904058680759;0.005248503568140046
2021-03-15;0.07998381;0.0775344546921015;0.0052618309094879315
2021-03-16;0.07998381;0.07732416795364057;0.005018443598182632
2021-03-17;0.07998381;0.07742675811698291;0.004966227270092739
2021-03-18;0.07998381;0.07733772201040404;0.004938924163301575
2021-03-19;0.07998381;0.07732687189081301;0.004940705973969132
2021-03-20;0.07998381;0.07751746986683232;0.004942479624014322
2021-03-21;0.07998381;0.07759124325483652;0.004921895404173122
2021-03-22;0.07998381;0.07768911401449294;0.004907893138545078
2021-03-23;0.07998381;0.07770590107276466;0.004893638357966692
2021-03-24;0.07998381;0.07772757205391106;0.0048876666291923585
2021-03-25;0.07998381;0.0777506195193427;0.004883710858136306
2021-03-26;0.07998381;0.07777526734598851;0.004880242771363464
2021-03-27;0.07998381;0.07780193173425849;0.004876785163936134
2021-03-28;0.07998381;0.07781892186573941;0.004873159151836888
2021-03-29;0.07998381;0.07783242879721111;0.004870435795115233
2021-03-30;0.07998381;0.07784164763551417;0.004868326516751418
2021-03-31;0.07998381;0.07785002698413991;0.004866815746022017
2021-04-01;0.07998381;0.0778576389589816;0.004865567363304153
2021-04-02;0.07998381;0.0778641152274198;0.0048644728696550215
2021-04-03;0.07998381;0.07786948783910798;0.004863533720241268
2021-04-04;0.07998381;0.07787361300177673;0.004862746490874584
2021-04-05;0.0;0.07787696389385804;0.004862122959057246
2021-04-06;0.07282665;0.039683546237689736;0.03507858804155775
2021-04-07;0.06403138;0.07815603172302892;0.02463003548603984
2021-04-08;0.06555279;0.04752650063106116;0.015376688611834038
2021-04-09;0.0783865;0.06854966075089872;0.012356002488748213
2021-04-10;0.07094829;0.07586911641185627;0.009018721382446407
2021-04-11;0.07320061;0.06967425689239073;0.006664925116462947
2021-04-12;0.07888189;0.07608062569702542;0.005618323798955314
2021-04-13;0.07888189;0.07261246030257199;0.005171257281502109
2021-04-14;0.07888189;0.07412866438343099;0.005641268814092709
2021-04-15;0.07888189;0.0755995970884881;0.005468277755411714
2021-04-16;0.07888189;0.07618720847099957;0.005182760495892018
2021-04-17;0.07888189;0.0766000114415628;0.005020574912161336
2021-04-18;0.07888189;0.07623439220048582;0.004926530248497936
2021-04-19;0.07888189;0.07629704466965082;0.004937153501488693
2021-04-20;0.07888189;0.07636029052874187;0.00493326232897359
2021-04-21;0.07888189;0.07655839624163556;0.004925103614848688
2021-04-22;0.07888189;0.07670246647254937;0.0049017371552329625
2021-04-23;0.07888189;0.0767606515700454;0.004880426816069688
2021-04-24;0.07888189;0.07679808774456412;0.00486847136824837
2021-04-25;0.07888189;0.07681582168776697;0.004861379537124623
2021-04-26;0.07888189;0.07685202195146723;0.004857610791338826
2021-04-27;0.07888189;0.07688653402964861;0.004853171126609512
2021-04-28;0.07888189;0.07691691559344885;0.004848731638619524
2021-04-29;0.07888189;0.07693846842896389;0.004844702344364438
2021-04-30;0.07888189;0.07695291545106568;0.0048416016298527
2021-05-01;0.07888189;0.07696500854570903;0.004839413391908126
2021-05-02;0.07888189;0.07697548661478354;0.004837710239766934
2021-05-03;0.07888189;0.07698521198726098;0.004836297056553221
2021-05-04;0.07888189;0.07699329945987278;0.004835039542703759
2021-05-05;0.06218264;0.07699975028561579;0.004833971935215654
2021-05-06;0.07301587;0.06903011578840462;0.008088982841305633
2021-05-07;0.06575908;0.0749783977267919;0.006212084643395573
2021-05-08;0.06868798;0.0661997557718233;0.006592703569655873
2021-05-09;0.07760245;0.07082785714520758;0.005473448814730613
2021-05-10;0.06896327;0.07359072065148389;0.005843064661007524
2021-05-11;0.07365709;0.06945674705836048;0.005451858264767274
2021-05-12;0.08334482;0.07517192317578082;0.005314495628561797
2021-05-13;0.07779446;0.07633795397649354;0.006156559557378912
2021-05-14;0.07511291;0.07441702771643183;0.005235094539924364
2021-05-15;0.08170759;0.07613354436189639;0.0048865119355566795
2021-05-16;0.07811627;0.07778016736647683;0.005410173337279939
2021-05-17;0.0772845;0.07497442415914858;0.004933390199585011
2021-05-18;0.07529866;0.07648816777220437;0.004902875031896442
2021-05-19;0.07866572;0.07476354040231695;0.0047880561734830835
2021-05-20;0.06693907;0.07630937017744517;0.0050696367171063576
2021-05-21;0.06815664;0.0700952491530533;0.006336282281166213
2021-05-22;0.06505491;0.07207756126154674;0.005308115498998999
2021-05-23;0.06090539;0.06748304243538732;0.005775135654356776
2021-05-24;0.06061757;0.06566473771826642;0.00580728607149187
2021-05-25;0.06775823;0.06529649930227407;0.005511935015347214
2021-05-26;0.07003512;0.06731193019642949;0.0050996181418313065
2021-05-27;0.07313681;0.0682923181917889;0.00499825490878279
2021-05-28;0.07143879;0.07144391274927041;0.005294449038126002
2021-05-29;0.06787348;0.07122092658340791;0.0048909001144804174
2021-05-30;0.06602832;0.07007442710200712;0.004970100602701539
2021-05-31;0.06718806;0.06858937587697267;0.0050913606931356405
2021-06-01;0.06718806;0.06783806197744183;0.004856535950254884
2021-06-02;0.06718806;0.06737832228701325;0.00475689112118635
2021-06-03;0.06718806;0.06791655234701151;0.004721722707791112
2021-06-04;0.06718806;0.06822602008989838;0.004717727308771034
2021-06-05;0.06144842;0.06822614782762369;0.004725878417145038
2021-06-06;0.07362545;0.06535941371024015;0.005562387918481352
2021-06-07;0.06541602;0.07127328446417365;0.006246975032995166
2021-06-08;0.06903799;0.06510398606935308;0.005803733748366901
2021-06-09;0.07625471;0.07065121160944494;0.00538335047010182
2021-06-10;0.06841052;0.07195505941410654;0.005555942632250433
2021-06-11;0.07334668;0.06839286499410353;0.005200421724811746
2021-06-12;0.08468426;0.07356545883390438;0.005373214136177505
2021-06-13;0.06683273;0.07607498297864701;0.007047023898895807
2021-06-14;0.06441238;0.06856376301038163;0.0068460120596507456
2021-06-15;0.06369425;0.0715625854142528;0.005721615820671919
2021-06-16;0.0635392;0.06625913252899737;0.006097697416528745
2021-06-17;0.0616989;0.06521502811397617;0.005287825137785214
2021-06-18;0.06217726;0.06445883169242005;0.005112143719011652
2021-06-19;0.06227623;0.06488231214776712;0.004923225174268369
2021-06-20;0.06126548;0.06505911337053517;0.004895365949858695
2021-06-21;0.06310109;0.06429424316759279;0.0050320987395714575
2021-06-22;0.05987812;0.0651613394566827;0.004828260815328347
2021-06-23;0.05763159;0.06295418200407898;0.005265887568153909
2021-06-24;0.05844115;0.062496362394422286;0.005397740210435098
2021-06-25;0.05731724;0.06204779565133481;0.005221698376838715
2021-06-26;0.05742921;0.06068917789771796;0.0052769565998711685
2021-06-27;0.05664865;0.06108341166359775;0.005076394562257062
2021-06-28;0.05738368;0.06036211097270607;0.005184130059356504
2021-06-29;0.06055212;0.06080684158426572;0.0050146088324355895
2021-06-30;0.06046645;0.06198786811631351;0.004801194116498319
2021-07-01;0.06046645;0.061858000043971524;0.004773560706321422
2021-07-02;0.06046645;0.06276475606263107;0.004758221836316282
2021-07-03;0.06046645;0.06266823801317906;0.004817093383318673
2021-07-04;0.06046645;0.06254449001663591;0.004826300725606549
2021-07-05;0.06208447;0.06246341153038207;0.0048189513762863815
2021-07-06;0.07557246;0.06318267854339087;0.00474147460344598
2021-07-07;0.06791351;0.0696458813573594;0.0073353367785984665
2021-07-08;0.06757469;0.06586222080263597;0.005668869743211038
2021-07-09;0.07465249;0.06999771799890017;0.005084863849161047
2021-07-10;0.06489755;0.07130861952446244;0.005283913310354551
2021-07-11;0.0733617;0.06564041212450082;0.005627915210819595
2021-07-12;0.08596414;0.07238853571779501;0.006120901131764656
2021-07-13;0.06150514;0.07520971470842716;0.008033809693754024
2021-07-14;0.05952994;0.06566445441311908;0.008456457299908581
2021-07-15;0.06076112;0.06987473582037396;0.006638911063334457
2021-07-16;0.0603163;0.06338099238177597;0.006687955982694158
2021-07-17;0.05961638;0.06207968649999096;0.005531772698798849
2021-07-18;0.0601783;0.06253226526686516;0.005073278506409121
2021-07-19;0.05971798;0.06299835844440071;0.00491747870328699
2021-07-20;0.05908753;0.06336615159498545;0.004969481689341304
2021-07-21;0.06008401;0.0626768618333545;0.005127522075519196
2021-07-22;0.06186054;0.06284968276400134;0.004956583440457715
2021-07-23;0.06244598;0.06315087582444791;0.004796941775739981
2021-07-24;0.0632621;0.06359606291259472;0.004739891986121798
2021-07-25;0.06364445;0.06451237397724617;0.0047171521962932955
2021-07-26;0.0621502;0.06481291320110519;0.00472006842995307
2021-07-27;0.05992532;0.06422524505723395;0.004840737490689855
2021-07-28;0.05865086;0.06322554369980507;0.005093889129213321
2021-07-29;0.05758788;0.062223351482443866;0.005212602922813173
2021-07-30;0.05943068;0.061134131594310276;0.005257958301476355
2021-07-31;0.05858535;0.06175289675256806;0.004926484727415954
2021-08-01;0.05858535;0.061071247347551635;0.004958274754481029
2021-08-02;0.05858535;0.0617232547505121;0.00489430954193819
2021-08-03;0.05858535;0.06152875610082108;0.004945131588126172
2021-08-04;0.05858535;0.06137034874497989;0.004937708747483445
2021-08-05;0.06052212;0.061311414752577134;0.004918152398959753
2021-08-06;0.07702186;0.06212366072909112;0.004779049312839007
2021-08-07;0.06816536;0.06995992348808013;0.008232730584747912
2021-08-08;0.0706568;0.06550099084775858;0.006030483256757287
2021-08-09;0.07311577;0.07188423555469849;0.005664824897314979
2021-08-10;0.06674121;0.07052607111567638;0.005052338316671135
2021-08-11;0.07319306;0.06736440933701322;0.005077179073535803
2021-08-12;0.08489028;0.07172034166317279;0.005517060194636318
2021-08-13;0.0683228;0.07497239049843302;0.007761183370886958
2021-08-14;0.0694484;0.06898391241449411;0.006478792730229525
2021-08-15;0.06943138;0.07386998889785525;0.005308378643184481
2021-08-16;0.07007418;0.06915665025023272;0.005253995285114316
2021-08-17;0.06872368;0.06927900253652378;0.004901437933389182
2021-08-18;0.06755514;0.06890694299941406;0.0047689693163715016
2021-08-19;0.06758314;0.06868468372810785;0.004754831721426228
2021-08-20;0.06784237;0.06909940081536141;0.004739435488660225
2021-08-21;0.06636248;0.0685086067226487;0.004741431738680092
2021-08-22;0.06594954;0.06783098147066804;0.004799125151696293
2021-08-23;0.06557081;0.06763345034247648;0.004795986698273279
2021-08-24;0.06722236;0.067099019134703;0.004808646612373519
2021-08-25;0.06642925;0.06777726912140239;0.004739232641377287
2021-08-26;0.06578841;0.06721247656198177;0.004745715982249188
2021-08-27;0.06627177;0.06740634801242767;0.004751553605399805
2021-08-28;0.0667823;0.06746151827858188;0.004739770930200799
2021-08-29;0.06631838;0.06737327518471822;0.0047220393642288
2021-08-30;0.06601874;0.06724303754801497;0.004727798102582629
2021-08-31;0.06869984;0.0672284666953039;0.004736465433411661
2021-09-01;0.06869984;0.06843120108174915;0.004772360788187199
2021-09-02;0.06869984;0.06818279565220654;0.004730466947667628
2021-09-03;0.06869984;0.06893486329498145;0.004723752698851933
2021-09-04;0.06869984;0.06896648669402836;0.0047118127335648435
2021-09-05;0.06616022;0.06888468777422017;0.00470833345062223
2021-09-06;0.07527159;0.06766142991161589;0.0048437480201672335
2021-09-07;0.06451742;0.07207743170523438;0.005886740243519255
2021-09-08;0.06873011;0.06587832843520111;0.006068471419583473
2021-09-09;0.07590305;0.07101072156130137;0.005327346792679061
2021-09-10;0.06605174;0.0713917940560906;0.005398795376996297
2021-09-11;0.07127657;0.06711586349710248;0.005440299752568416
2021-09-12;0.08756002;0.07258479113739097;0.005304442015852133
2021-09-13;0.07398402;0.0770384616860349;0.008356594628002251
2021-09-14;0.07307047;0.07138210071256394;0.006174096112275821
2021-09-15;0.07258534;0.07631182090112502;0.005256684285498451
2021-09-16;0.0748045;0.07230289398632178;0.0051308821720303325
2021-09-17;0.07450791;0.07270188019981771;0.004983154367823965
2021-09-18;0.07189971;0.07243686336204849;0.0048720520769924185
2021-09-19;0.0709574;0.07185729787673117;0.004759640523613608
2021-09-20;0.07028186;0.07224954142476271;0.004733811011157198
2021-09-21;0.06921084;0.07094930556777886;0.004782806685350538
2021-09-22;0.06776691;0.0701947261992741;0.004781294943982331
2021-09-23;0.07037824;0.06922534189427756;0.004835704962790297
2021-09-24;0.07018591;0.07032227949388485;0.004782419001071581
2021-09-25;0.06861735;0.06979873713667453;0.0047294676382908605
2021-09-26;0.06857361;0.06979014541924611;0.004735093682931557
2021-09-27;0.0706938;0.06983396886168587;0.004738307011527083
2021-09-28;0.06951715;0.07022702651601408;0.004738549850154891
2021-09-29;0.06837679;0.06948124328029995;0.004722352819670598
2021-09-30;0.06855794;0.06953268598064123;0.004729798796669787
2021-10-01;0.06855794;0.0694269309429896;0.004727260327678714
2021-10-02;0.06855794;0.06902163529794147;0.004723132675758844
2021-10-03;0.06855794;0.06905015150521678;0.004713366026709552
2021-10-04;0.06855794;0.06902639849452602;0.004710804990374146
2021-10-05;0.06710601;0.06907839984464799;0.004709723496604297
2021-10-06;0.06964714;0.0683760434907716;0.004776022647984784
2021-10-07;0.06356744;0.06961683165718406;0.004771247630537876
2021-10-08;0.0681496;0.06615082570024534;0.005408338952163237
2021-10-09;0.07399465;0.06930916232604649;0.0050221644726421415
2021-10-10;0.06521021;0.070217892134783;0.005271538526466877
2021-10-11;0.07080401;0.06689986710095593;0.005340800244524133
2021-10-12;0.08665509;0.07194816969336634;0.005232965939644314
2021-10-13;0.0621451;0.07656320846134707;0.008245929962928717
2021-10-14;0.06252921;0.06555785493269822;0.008747177872797898
2021-10-15;0.06580003;0.07153238401046952;0.0063319714743536835
2021-10-16;0.06283525;0.06608310484514955;0.005807148286699934
2021-10-17;0.06291834;0.06405236485502408;0.005245737332783938
2021-10-18;0.06240478;0.0657169345627316;0.004893596980782509
2021-10-19;0.06047303;0.06465182232463078;0.004966407410712643
2021-10-20;0.06024853;0.06452558876253252;0.0051107945980446105
2021-10-21;0.0627278;0.0638202326634134;0.005168775009228052
2021-10-22;0.0651681;0.06430515746408025;0.0048673557960619545
2021-10-23;0.06533305;0.06514090168228269;0.004777760990019419
2021-10-24;0.06768791;0.06578752765553074;0.004730806657142995
2021-10-25;0.06686707;0.06769998206397013;0.004803948050136925
2021-10-26;0.0667619;0.06714473199739007;0.004745252593802171
2021-10-27;0.0683783;0.06762546134870787;0.004719158701429864
2021-10-28;0.06740761;0.06805548104154825;0.004728396241366405
2021-10-29;0.07039812;0.06738984611588088;0.004717961425751961
2021-10-30;0.07080332;0.06945050739225776;0.004919835652694248
2021-10-31;0.06967146;0.06928115241026107;0.004819912246745315
2021-11-01;0.06967146;0.06964336542948053;0.00474746963823941
2021-11-02;0.06967146;0.06988143667369098;0.004719701488641243
2021-11-03;0.06967146;0.06944775202762943;0.004710539013081958
2021-11-04;0.06967146;0.06948474606164119;0.004711047430089479
2021-11-05;0.07056814;0.0694786387368204;0.004710610321778813
2021-11-06;0.06740959;0.07004602893153962;0.004741364612249446
2021-11-07;0.06291777;0.06857548861046198;0.0048442874377907265
2021-11-08;0.06923233;0.06685124280732355;0.005345111882972668
2021-11-09;0.07163391;0.06918314874288284;0.005037773044259173
2021-11-10;0.06267559;0.06866250869957892;0.004949138511339017
2021-11-11;0.07121217;0.06615677414179252;0.005442672940939013
2021-11-12;0.08283789;0.0715935581375789;0.005463989922876024
2021-11-13;0.07271518;0.07408364565776242;0.007108147800047688
2021-11-14;0.07233417;0.07091724605770358;0.005563340268638069
2021-11-15;0.07073219;0.0746908260023907;0.0050294264858824
2021-11-16;0.07162013;0.07100709304445357;0.005095665165603238
2021-11-17;0.07026412;0.07107335601248174;0.00483927330208708
2021-11-18;0.07084654;0.0699037369712496;0.004755359708875829
2021-11-19;0.07021593;0.07058475609539482;0.004747418991546839
2021-11-20;0.07398736;0.07051072328733733;0.004719690178911227
2021-11-21;0.07405119;0.07235837766238563;0.0049848906450558434
2021-11-22;0.07292178;0.07213549139811387;0.004863654544437326
2021-11-23;0.07274874;0.07245914843314503;0.004773435770568529
2021-11-24;0.07555119;0.07254356705869024;0.004731190310242993
2021-11-25;0.07445993;0.07340093303999205;0.004923561094911479
2021-11-26;0.07645921;0.07271701762943207;0.004804248399892124
2021-11-27;0.07535449;0.07450296474052956;0.005048987232750617
2021-11-28;0.07482767;0.07374243327551575;0.0048334890570511675
2021-11-29;0.07521868;0.07406909370644811;0.004778096438564568
2021-11-30;0.0766266;0.07402601336044994;0.004764833453329085
2021-12-01;0.0766266;0.07439581323146217;0.004883947961560944
2021-12-02;0.0766266;0.07457634359918844;0.00488007727397562
2021-12-03;0.0766266;0.07498993541901768;0.004861782250529392
2021-12-04;0.0766266;0.07512385309607025;0.0048218537341716515
2021-12-05;0.07310395;0.07507274083651594;0.004800111133794819
2021-12-06;0.06293981;0.07337910212343446;0.004802672024612383
2021-12-07;0.06253753;0.0686758645808556;0.00659705840359677
2021-12-08;0.06926561;0.06799544097862632;0.005973903795944499
2021-12-09;0.07237219;0.0682887673547781;0.005160156850557158
2021-12-10;0.06147079;0.06935622988652305;0.0052070666561782955
2021-12-11;0.0728116;0.06631466237878958;0.005962191898918557
2021-12-12;0.08261087;0.07331218836773123;0.005921319325929826
2021-12-13;0.08246846;0.07414852525871687;0.006630220511018172
2021-12-14;0.08079831;0.07619573256548844;0.0065660413534524625
2021-12-15;0.07968868;0.0784534784793319;0.005744248712625768
2021-12-16;0.08235858;0.0777765964499621;0.005079371396177838
2021-12-17;0.08335357;0.07858950213078632;0.0052691124446903135
2021-12-18;0.08378628;0.07812959201091645;0.005357741247342214
2021-12-19;0.0847181;0.0792493496898016;0.005559623216138784
2021-12-20;0.08400347;0.08039437113124866;0.005580280535376779
2021-12-21;0.08399976;0.08033624686756184;0.005263553127965991
2021-12-22;0.0819806;0.08072324011590117;0.005172769739198989
2021-12-23;0.08168854;0.07946276974886901;0.004892955029827003
2021-12-24;0.08087946;0.07945092360114873;0.004882290205513442
2021-12-25;0.07977431;0.07860997671064199;0.004813360292695734
2021-12-26;0.08089172;0.0781219801067173;0.004776288530186143
2021-12-27;0.08013681;0.07866195414706482;0.004907032236627773
2021-12-28;0.07956168;0.07796002468697785;0.004824018118235842
2021-12-29;0.07983992;0.07811327998759779;0.004807856535140804
2021-12-30;0.07823487;0.07805218206206944;0.0048125365067143554
2021-12-31;0.07880801;0.07705596477201535;0.004741226177537467
2022-01-01;0.07948436;0.0774772042222053;0.0047946895079209
2022-01-02;0.06979192;0.07727582522375305;0.00483230699692466
2022-01-03;0.06775139;0.07278677897738918;0.0057629770091540975
2022-01-04;0.07204823;0.07249641350669696;0.005495878457972193
2022-01-05;0.07270741;0.07181399171001025;0.004958118378571109
2022-01-06;0.06121603;0.07119070024594565;0.0048070057440201645
2022-01-07;0.05393435;0.0671363973796358;0.006455073017746938
2022-01-08;0.07192635;0.06451679397365721;0.00787268553826214
2022-01-09;0.07748037;0.07013444999695503;0.006752180987018678
2022-01-10;0.0683892;0.06933008594505975;0.006362692641771072
2022-01-11;0.07666799;0.069935592205212;0.005269716261367755
2022-01-12;0.0756202;0.07640981555558997;0.005776498691870041
2022-01-13;0.0768583;0.0725545609915611;0.005058969261416528
2022-01-14;0.07623993;0.07493458120267973;0.005214209297508759
2022-01-15;0.07661462;0.07397432915509025;0.004908971343592272
2022-01-16;0.07715849;0.07454533223893707;0.004931081346486451
2022-01-17;0.07741555;0.07508043252440313;0.004934619356221356
2022-01-18;0.07592953;0.07506935830331166;0.004905792077585789
2022-01-19;0.07471326;0.07480082465941905;0.004789419992788105
2022-01-20;0.07427432;0.07425701718651456;0.004731712430765297
2022-01-21;0.07389181;0.07378713715088007;0.004714863961704196
2022-01-22;0.07022064;0.07325181651451017;0.004710655487665328
2022-01-23;0.06861167;0.07146521804512998;0.004878597213484816
2022-01-24;0.0697217;0.07085120278502392;0.004907831261030151
2022-01-25;0.06664057;0.07046383635559188;0.0047870989909409
2022-01-26;0.0664722;0.0684376615479005;0.005005065453376009
2022-01-27;0.06696714;0.06887841477506403;0.004864783573326387
2022-01-28;0.06523004;0.06827773701471856;0.004817928788837464
2022-01-29;0.0674387;0.06731814152587635;0.004911853940260211
2022-01-30;0.06782097;0.06857401808495064;0.004770844169420814
2022-01-31;0.06860974;0.06803531251710303;0.004733121251807289
2022-02-01;0.07919957;0.06899150862159859;0.0047262892051451585
2022-02-02;0.07181799;0.07407069488403678;0.006614616734730502
2022-02-03;0.0670841;0.07015376454100987;0.005431335832713496
2022-02-04;0.07447428;0.07125636847991762;0.005102714377573036
2022-02-05;0.07344408;0.07286872680431293;0.005060993602064289
2022-02-06;0.06118793;0.07023117817460885;0.004827152764525696
2022-02-07;0.05505226;0.06671067213722479;0.006184347192897947
2022-02-08;0.07014868;0.06422748442071904;0.007306239652684577
2022-02-09;0.07887227;0.06843410058363003;0.0062403830787707
2022-02-10;0.0680164;0.0699238033570002;0.007049844162028512
2022-02-11;0.07703444;0.06878890820823193;0.005569525396702956
2022-02-12;0.07523195;0.0767053924743237;0.006243349318404371
2022-02-13;0.06914176;0.07207337904037035;0.005247814132874794
2022-02-14;0.06836681;0.07109198339487129;0.005029258361312224
2022-02-15;0.06886262;0.07034997379511108;0.004939643761959389
2022-02-16;0.07126767;0.0687371427999343;0.004813861514822756
2022-02-17;0.0713451;0.07018966644458993;0.004890516206502334
2022-02-18;0.071104;0.07024815460356156;0.004799249818723029
2022-02-19;0.06956254;0.07121072889847746;0.004756740533495728
2022-02-20;0.06868373;0.07050347646967303;0.004767721959916952
2022-02-21;0.06841167;0.06985278275551045;0.004782246888909944
2022-02-22;0.06945489;0.06920130061660638;0.00476343214488963
2022-02-23;0.06903605;0.06935547420409251;0.00472749191185617
2022-02-24;0.06940954;0.0691868729390993;0.004713321231267149
2022-02-25;0.0678073;0.0697671841145065;0.004711864755574216
2022-02-26;0.07064201;0.06893796788674963;0.004775715477716565
2022-02-27;0.07126723;0.0703720963310374;0.004801151727865688
2022-02-28;0.06936004;0.0700244290618425;0.004759043331945582
2022-03-01;0.08089133;0.06980682660730698;0.004727535951385605
2022-03-02;0.07259545;0.07570521666189998;0.00689560896068927
2022-03-03;0.06731701;0.07056945010086432;0.005612421274325855
2022-03-04;0.07522897;0.07174406513244683;0.005182309688894044
2022-03-05;0.07408052;0.07349197696226518;0.0051220504888009055
2022-03-06;0.06026582;0.07061208958613878;0.004846842971013799
2022-03-07;0.0553941;0.06660678499241077;0.0065778865728855305
2022-03-08;0.07118557;0.06470872618318724;0.00727178641815172
2022-03-09;0.07896452;0.06875534586045133;0.006340945732478958
2022-03-10;0.06713478;0.070070209877759;0.007008455260905027
2022-03-11;0.07532955;0.06876335133350274;0.005636577025611556
2022-03-12;0.07583688;0.07603892146952473;0.005840784396914878
2022-03-13;0.06619929;0.07224212962529908;0.005073523673386657
2022-03-14;0.06641757;0.06916870246441564;0.005488846396270067
2022-03-15;0.06521438;0.06976389732162254;0.005086932085131585
2022-03-16;0.06648413;0.06636645793165301;0.005206319334799614
2022-03-17;0.06726596;0.06751266480980438;0.00486358010863387
2022-03-18;0.06892688;0.0675724955826027;0.004754330817102398
2022-03-19;0.07046791;0.06893703101547874;0.004769926581602263
2022-03-20;0.06987465;0.06996477373226864;0.004786505903163478
2022-03-21;0.06939303;0.06977839721709334;0.00473081897631303
2022-03-22;0.07074626;0.06994387878495004;0.004714832521547028
2022-03-23;0.07028448;0.07022806045014383;0.004729087942511495
2022-03-24;0.07087226;0.06977419346286477;0.004714417565229287
2022-03-25;0.07067883;0.07048502675358942;0.004742956254185797
2022-03-26;0.0700259;0.07032351110727127;0.004720314304938881
2022-03-27;0.07060351;0.07022169596506474;0.004711034550405986
2022-03-28;0.07021042;0.07049626032574181;0.004714369639890318
2022-03-29;0.07094593;0.07004051644321245;0.0047091877144648485
2022-03-30;0.0714736;0.07061457941728724;0.00473186284927366
2022-03-31;0.07203725;0.07074527500658076;0.004736582472934224
2022-04-01;0.08104575;0.07122556658788214;0.004760712309599876
2022-04-02;0.07203325;0.07569211576145111;0.006501592900870926
2022-04-03;0.06630902;0.07109462831455456;0.005533700327385732
2022-04-04;0.07572723;0.0713847170547964;0.005380890669259293
2022-04-05;0.07365765;0.07362942569771191;0.0053165661248039805
2022-04-06;0.05979923;0.07014377076102543;0.004898339489536464
2022-04-07;0.05566817;0.06657602641159815;0.0065887858758825685
2022-04-08;0.07076838;0.0649124722705246;0.0071828834678551645
2022-04-09;0.07835295;0.06846377984693344;0.006184493188472308
2022-04-10;0.06738065;0.06993997574525308;0.006871843836067487
2022-04-11;0.07590318;0.06878623430717076;0.00555106875585778
2022-04-12;0.07385566;0.07613542112963843;0.0059475003599768275
2022-04-13;0.07563528;0.07135255756291711;0.005196932220441009
2022-04-14;0.07567813;0.07395489026686636;0.005251181652866624
2022-04-15;0.07548128;0.07320235210738628;0.004949312154007618
2022-04-16;0.07501433;0.07351368005260336;0.004904556399157644
2022-04-17;0.07559199;0.07395914535729217;0.0048250360006339855
2022-04-18;0.07503253;0.07391093425979467;0.004810481688272742
2022-04-19;0.07473211;0.07377677114853337;0.0047730671226883185
2022-04-20;0.07492036;0.07367028620284939;0.004753337234870212
2022-04-21;0.07440905;0.07376341973465927;0.004763183865547309
2022-04-22;0.07377476;0.07344459254695088;0.004737686642036404
2022-04-23;0.07461862;0.07328125844715322;0.004721223861282225
2022-04-24;0.07435964;0.07359914092796167;0.004758967061244831
2022-04-25;0.0741972;0.07326790058092489;0.0047406495802290735
2022-04-26;0.07457308;0.0734629259756258;0.004742373534617029
2022-04-27;0.07360559;0.07360547150085806;0.004751957954367223
2022-04-28;0.07356413;0.07306690076483097;0.004720837886567353
2022-04-29;0.07371417;0.07320194598817215;0.004720293385634152
2022-04-30;0.07288458;0.07297450755315181;0.004720558869307626
2022-05-01;0.08276785;0.0725573106769195;0.004710899590361962
2022-05-02;0.07188659;0.07738855522041371;0.006612100739152295
2022-05-03;0.0668792;0.07149953977842341;0.0058573584860917155
2022-05-04;0.07559007;0.07246805298265217;0.0054552963835319615
2022-05-05;0.07393468;0.07385224163842723;0.0051577346254890796
2022-05-06;0.06037184;0.070708508217065;0.004847633440615096
2022-05-07;0.05695652;0.06711126854379604;0.006575090826394561
2022-05-08;0.0709839;0.06577781613050313;0.0069582960846431155
2022-05-09;0.07899021;0.06892549910838573;0.0059843997288520166
2022-05-10;0.06699598;0.07075614880040071;0.006870547978470293
2022-05-11;0.07790057;0.06879384569681152;0.005678497213195858
2022-05-12;0.07485678;0.07735153268873335;0.0065111475478687175
2022-05-13;0.0675317;0.07172289729177793;0.005413445124465586
2022-05-14;0.06883408;0.07067273016979408;0.005247107198435084
2022-05-15;0.06822113;0.07075937332005709;0.004931799875905351
2022-05-16;0.06868193;0.06805457249931354;0.004891294754306262
2022-05-17;0.06784012;0.06924239561736087;0.004776066652982301
2022-05-18;0.06860071;0.06860482833955914;0.004759529195993751
2022-05-19;0.06681927;0.06949151772185873;0.004723095216313873
2022-05-20;0.06661341;0.06834187022720113;0.0048426067424051835
2022-05-21;0.06709684;0.06829184316781554;0.004798665958529803
2022-05-22;0.06719715;0.06800868879371712;0.004756516326644229
2022-05-23;0.06725211;0.06781992909546819;0.004730307816619876
2022-05-24;0.06779144;0.06809799931958045;0.004717050486729342
2022-05-25;0.06686483;0.06835282604251038;0.004710103909557858
2022-05-26;0.06581682;0.06792420083567977;0.004744379154615037
2022-05-27;0.06157086;0.06753238617664274;0.004796838432486138
2022-05-28;0.06021653;0.06523552787265063;0.005396151679798322
2022-05-29;0.06170862;0.06443092260009502;0.005380042196322087
2022-05-30;0.0616743;0.06399030971478675;0.005049011561427714
2022-05-31;0.06290555;0.06349164502166751;0.004906631785162661
2022-06-01;0.08133715;0.06466716497450616;0.0047710881132740765
2022-06-02;0.07268726;0.07345709351255768;0.008891808852967942
2022-06-03;0.06746396;0.06878317563930829;0.0062686973391792335
2022-06-04;0.07500637;0.07184078512221673;0.0052496699956390185
2022-06-05;0.07528418;0.07324391308341414;0.005098985760375433
2022-06-06;0.06049317;0.07072607247014107;0.004927818051655716
2022-06-07;0.05623887;0.06598014771916141;0.006561025460481347
2022-06-08;0.07436058;0.06481119836473802;0.0068370308188974915
2022-06-09;0.0815322;0.06996936595202573;0.006958939132971918
2022-06-10;0.06714578;0.07111370818988391;0.0075876067882002605
2022-06-11;0.07655465;0.06941053047688027;0.005971802098554875
2022-06-12;0.07438978;0.07718878488216242;0.006075070034755364
2022-06-13;0.0540332;0.07129763253860309;0.005287757715155194
2022-06-14;0.05367658;0.06355601001560461;0.009074624230651758
2022-06-15;0.05462259;0.06373304889017381;0.007685555655747547
2022-06-16;0.05464825;0.058349447830739816;0.007015342248099719
2022-06-17;0.05233958;0.05864847530810149;0.0057240261771116345
2022-06-18;0.05301707;0.05820655443287266;0.005733563569564379
2022-06-19;0.05246614;0.05900851227344713;0.0055143389658007065
2022-06-20;0.05495372;0.05814006367745353;0.005722861663406789
2022-06-21;0.0548051;0.05881663318304723;0.005210685464211502
2022-06-22;0.05443455;0.05825072569555236;0.005157843128150779
2022-06-23;0.0527668;0.05852396255221626;0.0051133532036293505
2022-06-24;0.05444906;0.05777173651850688;0.0054400610044992494
2022-06-25;0.05779334;0.05834540423309345;0.00513541229314283
2022-06-26;0.0579917;0.059312821967594256;0.004842214700617916
2022-06-27;0.05711587;0.05957262166158464;0.004775488475187416
2022-06-28;0.05766868;0.06020145843306409;0.00483670337028975
2022-06-29;0.05645506;0.06053550721389303;0.0048621930594824675
2022-06-30;0.05462294;0.05956188615993605;0.005065290007141659
2022-07-01;0.07928032;0.05876026727833944;0.00526806467792837
2022-07-02;0.07196693;0.0702658399102817;0.010462576458670471
2022-07-03;0.06657485;0.06518086382104131;0.007003211834804239
2022-07-04;0.07349595;0.07014701891287503;0.005541540388080765
2022-07-05;0.07476863;0.07200838688715089;0.005214969667030865
2022-07-06;0.05925791;0.06981107769612468;0.0050381188424051
2022-07-07;0.05787254;0.06444136338750012;0.006684810341306983
2022-07-08;0.07372137;0.06474257128204433;0.006091152184801015
2022-07-09;0.08306674;0.0687021701045281;0.006586386925482648
2022-07-10;0.06790024;0.07191286448283954;0.00841307726031736
2022-07-11;0.0751879;0.06927991093051362;0.006300235253054264
2022-07-12;0.07446863;0.07658881768007693;0.005899489999512885
2022-07-13;0.05377939;0.07140773158293252;0.005167967696313548
2022-07-14;0.05504043;0.06270517333767772;0.009191755413807077
2022-07-15;0.05788663;0.06424544844806601;0.007217190649472888
2022-07-16;0.05930696;0.059644910087546514;0.006228449543014845
2022-07-17;0.06379684;0.061060162138949874;0.0052105325691803785
2022-07-18;0.06452432;0.0644048376431324;0.005034009148024982
2022-07-19;0.07022721;0.06521431973061001;0.004808876464691845
2022-07-20;0.06593419;0.06928085724738088;0.005274235647300493
2022-07-21;0.06545364;0.06645195870279393;0.005086241147235806
2022-07-22;0.06820559;0.06766996829990099;0.00483779841487924
2022-07-23;0.06766126;0.06764943928019217;0.004756794458525177
2022-07-24;0.06885783;0.06689764635541515;0.004722386141497073
2022-07-25;0.07076083;0.06862448946169022;0.004806692283961537
2022-07-26;0.06784109;0.06936855594277569;0.004847848146094468
2022-07-27;0.06795493;0.06842789317333338;0.004788026948676656
2022-07-28;0.07130223;0.06908785165317223;0.004733083749369753
2022-07-29;0.0721498;0.06977204422028682;0.0048336537501540225
2022-07-30;0.07269674;0.07001381660713206;0.004879962352291103
2022-07-31;0.07159643;0.07130738100164946;0.004927339701279072
2022-08-01;0.07668789;0.0711321679394922;0.00477827752764394
2022-08-02;0.07166719;0.07380788575840869;0.005377186022661834
2022-08-03;0.06551514;0.07077324657993393;0.00499570872522942
2022-08-04;0.07426669;0.06944988079104299;0.005307711624957253
2022-08-05;0.07435266;0.07266353535887095;0.0053788970738106266
2022-08-06;0.05822929;0.07036915340010284;0.004987719808430483
2022-08-07;0.05715728;0.06538385546570234;0.007185396326726373
2022-08-08;0.07331909;0.06591444209934881;0.006631632989150607
2022-08-09;0.08456409;0.06900963794357215;0.006338544747560422
2022-08-10;0.06812996;0.0730480133809827;0.008776179833908201
2022-08-11;0.07614911;0.06954392241156025;0.006566675024693982
2022-08-12;0.07328267;0.07787357936365596;0.00613392549217711
2022-08-13;0.08013929;0.07126542714774046;0.005541019926315643
2022-08-14;0.08114386;0.07586350124349933;0.0064092842199882545
2022-08-15;0.07970157;0.07537122120825103;0.005811395963140615
2022-08-16;0.07891148;0.0765303487522285;0.0054487956284223005
2022-08-17;0.07852718;0.07753473309438823;0.005070989198460526
2022-08-18;0.07848115;0.07640751032745628;0.004846749863537741
2022-08-19;0.07976003;0.07637755172804947;0.00485392232179646
2022-08-20;0.07735;0.0765956284999931;0.005009894059341454
2022-08-21;0.07451265;0.0756826061785658;0.004817346724977235
2022-08-22;0.07511729;0.07501190898538977;0.004761112340200452
2022-08-23;0.07580478;0.07485231389124963;0.0047245974587138894
2022-08-24;0.07713925;0.07428918156943795;0.004738652258987222
2022-08-25;0.07729785;0.07506651837222399;0.00490584449793018
2022-08-26;0.07843607;0.07538707566336736;0.004886714971621991
2022-08-27;0.07432833;0.07640263705362979;0.004974245482855042
2022-08-28;0.07437164;0.07442766218892703;0.004863579552602842
2022-08-29;0.07314405;0.07480630868620576;0.004754481204833627
2022-08-30;0.07651981;0.0729883488346171;0.004767922603050194
2022-08-31;0.07711121;0.07454676688972026;0.005006695615366151
2022-09-01;0.07413669;0.07452573228316992;0.004951981181661504
2022-09-02;0.07070474;0.07406219473161878;0.004782507079317623
2022-09-03;0.06650841;0.07293751993495473;0.004939645607487384
2022-09-04;0.07547957;0.06998320363920416;0.005537391001235045
2022-09-05;0.07403808;0.07336802447486424;0.00557924506151999
2022-09-06;0.05937229;0.0709610869055124;0.004998565500603985
2022-09-07;0.05621479;0.06677469259953706;0.007006010913659042
2022-09-08;0.07459351;0.06590908747610316;0.007198943555402559
2022-09-09;0.08463458;0.07025786393670715;0.0068364392640703165
2022-09-10;0.067842;0.07301024083568822;0.008476874529449202
2022-09-11;0.07190455;0.06990088134314516;0.00648535902922535
2022-09-12;0.07458665;0.07614826692915237;0.005391578929626563
2022-09-13;0.07662226;0.07211831830374539;0.00496126453288849
2022-09-14;0.07797738;0.07309069770564865;0.005221172920744198
2022-09-15;0.08085058;0.07441837762073086;0.005366524549416585
2022-09-16;0.07473816;0.0765098957069981;0.005732874072302158
2022-09-17;0.07248615;0.07457720256853964;0.00508713199206346
2022-09-18;0.07292959;0.0742488213828397;0.004899789847540913
2022-09-19;0.06887868;0.07281032099302549;0.0047929824941255585
2022-09-20;0.07063738;0.06989503155511528;0.005022781342310423
2022-09-21;0.07026884;0.07134193558409146;0.004820912531547377
2022-09-22;0.06747326;0.07014279889765615;0.004758322419547248
2022-09-23;0.06856983;0.06954114389339562;0.004852661751167494
2022-09-24;0.06886318;0.07014676321210296;0.004764354007734626
2022-09-25;0.06964608;0.06922808878531767;0.004750147869102145
2022-09-26;0.06879083;0.0698489346285876;0.0047270015425054
2022-09-27;0.06940765;0.06940166301545378;0.004729405742649771
2022-09-28;0.06958848;0.06997234467230859;0.004714082350989926
2022-09-29;0.06877097;0.06977922792508859;0.004709787296827316
2022-09-30;0.06834879;0.06939706565230709;0.004722428973827317
2022-10-01;0.07522349;0.06929352894475513;0.004727667961003214
2022-10-02;0.072969;0.07228971913738373;0.0054456523771073025
2022-10-03;0.06491678;0.0707937168803648;0.004954487181990022
2022-10-04;0.07616507;0.06901666960030112;0.005420798097241082
2022-10-05;0.07395513;0.07422656238188143;0.005919112195975411
2022-10-06;0.05943299;0.07006364867470748;0.005100864240325406
2022-10-07;0.05628782;0.06639776194053962;0.006723141658165144
2022-10-08;0.07355043;0.06524517352689688;0.006987840512375668
2022-10-09;0.08035991;0.06931091547882558;0.006672633635766028
2022-10-10;0.0678567;0.07083034756159626;0.007351312276965011
2022-10-11;0.06940279;0.06958746615297227;0.005769792507663471
2022-10-12;0.0739548;0.07356850096046036;0.00504908073420368
2022-10-13;0.06773226;0.07173136439811675;0.004818302348366984
2022-10-14;0.06658724;0.06816186689693439;0.005040215467114748
2022-10-15;0.06768838;0.06907905135019494;0.004849935179823573
2022-10-16;0.06678581;0.06819513122748437;0.004781289757602921
2022-10-17;0.06772735;0.06775866249347237;0.004761467867564039
2022-10-18;0.06804649;0.068593278006853;0.004723505831160466
2022-10-19;0.06784462;0.0684314924840562;0.00471465980926669
2022-10-20;0.06730498;0.06862612084186334;0.004712677918221534
2022-10-21;0.06734606;0.06835144861132773;0.004736454813547967
2022-10-22;0.06780372;0.0682567333233478;0.004730321716354488
2022-10-23;0.0684019;0.06828386287337497;0.004715397640453416
2022-10-24;0.06959691;0.06851250311112347;0.004710975472301864
2022-10-25;0.06971162;0.06923102426989762;0.004741203254047225
2022-10-26;0.07270165;0.0694111775143256;0.004725948628052895
2022-10-27;0.07531245;0.07117368454515126;0.004960059327455165
2022-10-28;0.07472363;0.07227798767540208;0.005157601848824162
2022-10-29;0.07564846;0.07267282916578248;0.0049854890920179905
2022-10-30;0.07769065;0.07392769152811234;0.004994219724011037
2022-10-31;0.07695087;0.07463230744312782;0.00510717759918949
2022-11-01;0.07368195;0.07440516770829396;0.004956820609571071
2022-11-02;0.07066676;0.07348295576935905;0.004789401431030736
2022-11-03;0.0661788;0.0720746923934241;0.004877324626639812
2022-11-04;0.07610812;0.0692030876303024;0.005403778266348438
2022-11-05;0.07538307;0.0733113811222295;0.00585490314391278
2022-11-06;0.05720813;0.07134020383265252;0.00517641995207195
2022-11-07;0.05610235;0.06572182083092545;0.007908198169517815
2022-11-08;0.0775191;0.06620816687957616;0.007220042073131635
2022-11-09;0.08192777;0.07086358183981468;0.007583707266230817
2022-11-10;0.06756821;0.07133080473201989;0.007616194320432884
2022-11-11;0.07397086;0.07068513645497608;0.005957285618926278
2022-11-12;0.07417836;0.07634186538986529;0.005342454635185098
2022-11-13;0.07477206;0.07163802408626017;0.004986331875528197
2022-11-14;0.07483051;0.07280154696763479;0.0050148910601958705
2022-11-15;0.07473508;0.07282406816766533;0.00490084436445113
2022-11-16;0.07414995;0.07320425064962498;0.004855722756055814
2022-11-17;0.07333574;0.07356299528095503;0.004777932956545665
2022-11-18;0.07238635;0.07288022947352667;0.004728152189957261
2022-11-19;0.0727316;0.0723977284243649;0.004715270747778692
2022-11-20;0.07319497;0.07223041320966393;0.004714566056074706
2022-11-21;0.07060528;0.0722581268523646;0.004736230538611375
2022-11-22;0.07048298;0.07118155635536277;0.004761882412861653
2022-11-23;0.07019834;0.07146000851111269;0.004729133014411975
2022-11-24;0.071334;0.07059703037628058;0.004738558057196355
2022-11-25;0.07285892;0.07103147254125254;0.00473359915425452
2022-11-26;0.07359079;0.07166122598695351;0.004798592754627929
2022-11-27;0.07363792;0.07225921904015015;0.004826597047019548
2022-11-28;0.07315854;0.0727678048530611;0.0047932089635707685
2022-11-29;0.07239229;0.07264768458447243;0.004739362520931737
2022-11-30;0.07415219;0.07223840407351466;0.004716577595681505
2022-12-01;0.07553848;0.07287722435119197;0.004800909255614977
2022-12-02;0.06894462;0.07323065692798435;0.004901475120087592
2022-12-03;0.06616562;0.07058745040941435;0.005109041530037261
2022-12-04;0.07539677;0.07007387086622585;0.005191620835392109
2022-12-05;0.0717718;0.07270519149829997;0.0054431479775862365
2022-12-06;0.05394595;0.0696001120635063;0.0049508556119763104
2022-12-07;0.05491734;0.06404452347847958;0.0084154603559394
2022-12-08;0.07843141;0.06455863514784979;0.007266387819268616
2022-12-09;0.08083151;0.07040376434591619;0.008413933609646583
2022-12-10;0.06724859;0.07044260100691555;0.0076948802170244525
2022-12-11;0.07572677;0.07096205696539688;0.005924367112485614
2022-12-12;0.07398548;0.0769296643296404;0.005559400161568517
2022-12-13;0.0741535;0.07119663700510984;0.005130060110517202
2022-12-14;0.07441231;0.07285804823242194;0.005035611550942627
2022-12-15;0.0735344;0.07245169885721607;0.004869104395764862
2022-12-16;0.07294182;0.07236969913031999;0.004788799077070533
2022-12-17;0.0703504;0.07284501534183123;0.004743012091853276
2022-12-18;0.070754;0.07110630052625781;0.004830723727957508
2022-12-19;0.07088414;0.07141787193826207;0.004744847299447314
2022-12-20;0.07102823;0.07056622180301857;0.004720879296093202
2022-12-21;0.07229467;0.07081047509702047;0.004719335885524074
2022-12-22;0.0722276;0.07160403224472298;0.004768153839642726
2022-12-23;0.07260494;0.0715632016311785;0.004738436665139224
2022-12-24;0.07265183;0.0721462435925979;0.004747188679930877
2022-12-25;0.07258456;0.07201465591026913;0.004728451993731917
2022-12-26;0.07246958;0.07201881123907211;0.0047247447977994215
2022-12-27;0.07246031;0.07195824114712633;0.0047201977756573124
2022-12-28;0.07199775;0.07192278285858832;0.004720238721544386
2022-12-29;0.07219175;0.07172097341303268;0.004711942103829633
2022-12-30;0.07240101;0.07183718839929888;0.004716892464214279
2022-12-31;0.07240564;0.07182234276366545;0.004721087422146033
2023-01-01;0.07250729;0.07186654089113986;0.004722958618374501
2023-01-02;0.06878283;0.07199742965878064;0.004725422452767015
2023-01-03;0.0694864;0.07021222616852252;0.004905017420021628
2023-01-04;0.06407128;0.07074935765411007;0.004773435848448453
2023-01-05;0.06429974;0.06704055650791142;0.005551057250753487
2023-01-06;0.06867629;0.06754671681705127;0.005106101975865233
2023-01-07;0.06335639;0.06820961038960717;0.0048647430260118
2023-01-08;0.06364926;0.06544488111701546;0.005195480448412894
2023-01-09;0.06319681;0.0673420239328901;0.004912491191055992
2023-01-10;0.06210094;0.06549099661353082;0.005089873533268477
2023-01-11;0.05240516;0.0648921379891967;0.005035093970022719
2023-01-12;0.05432116;0.06010668469215938;0.007311548309388209
2023-01-13;0.07545079;0.06101139528503859;0.006152326691381529
2023-01-14;0.07329387;0.0683791056878074;0.008340106036569147
2023-01-15;0.07389961;0.06666154173112775;0.006445536948804837
2023-01-16;0.07429879;0.07349373155615095;0.0062408198472960925
2023-01-17;0.07458104;0.07318316228425618;0.005232640255818921
2023-01-18;0.07427829;0.07275636611974866;0.004920578589218609
2023-01-19;0.07328083;0.07231357610860611;0.004831408396394449
2023-01-20;0.07371314;0.07151250875547482;0.004771551238655658
2023-01-21;0.07331427;0.07237372320672243;0.0048436362552185435
2023-01-22;0.07170858;0.07206671083007998;0.004774010974960636
2023-01-23;0.07198093;0.07171160549006722;0.004727642373716571
2023-01-24;0.07113908;0.071843486239889;0.0047169902226626165
2023-01-25;0.06892096;0.07095445431250505;0.004715748776748913
2023-01-26;0.06984672;0.0700536080919041;0.004782492539618172
2023-01-27;0.06977375;0.07042005145967235;0.004729494417446686
2023-01-28;0.0693018;0.06975969479568447;0.004718259878549485
2023-01-29;0.0683716;0.06983856720975358;0.004711830180597886
2023-01-30;0.06924736;0.06944611868081933;0.004743734157502582
2023-01-31;0.06869591;0.06974947952911667;0.004717759027736008
2023-02-01;0.07248618;0.06916034716622742;0.00472646643325541
2023-02-02;0.0693364;0.07115281891753761;0.004965165036959334
2023-02-03;0.07021087;0.06935757685169887;0.004841918036802598
2023-02-04;0.06390361;0.07096241839732503;0.004769584837276359
2023-02-05;0.06504389;0.06707116641351146;0.0056412334832368835
2023-02-06;0.06922852;0.06792313127240715;0.005073759331015916
2023-02-07;0.06296709;0.06817244186505089;0.004864623437354008
2023-02-08;0.06333731;0.06512228712797365;0.005260915139162784
2023-02-09;0.0630706;0.06721002889800108;0.004932638591437423
2023-02-10;0.06187908;0.06520478700273354;0.005094813269593492
2023-02-11;0.05222517;0.06463910509365595;0.00502843862240883
2023-02-12;0.05404659;0.05993676437534362;0.0072855871152496055
2023-02-13;0.0694165;0.060794123139093034;0.006162364687562095
2023-02-14;0.06898476;0.06543777071636776;0.006508691435928995
2023-02-15;0.07007275;0.06476886676151283;0.005565855528376825
2023-02-16;0.06883867;0.07008935647128944;0.005549218740003093
2023-02-17;0.06942003;0.06940054845931304;0.004997776969076102
2023-02-18;0.06901762;0.06955980586545649;0.004796526843948365
2023-02-19;0.0685095;0.06854993895932672;0.004736651376947811
2023-02-20;0.0690054;0.06810758963216121;0.004715963065222104
2023-02-21;0.06862213;0.06876275399628791;0.004733542287002859
2023-02-22;0.06793701;0.06856255000996829;0.004714688167498564
2023-02-23;0.06789273;0.06865652802180633;0.0047134021164927905
2023-02-24;0.06899622;0.06853166169281497;0.0047160933656506185
2023-02-25;0.06951907;0.06884161890326551;0.004717968704662942
2023-02-26;0.06868826;0.06903070861374212;0.00472521548599877
2023-02-27;0.06954316;0.06895676752963513;0.004712793557666822
2023-02-28;0.06961393;0.06963627089563404;0.004720572124791825
2023-03-01;0.07283271;0.06937910814725361;0.004711230723335846
2023-03-02;0.07018055;0.0711193375032645;0.004979126448417235
2023-03-03;0.07011516;0.06973738995695723;0.00480227536047329
2023-03-04;0.06372397;0.07075903375124698;0.004741811799166288
2023-03-05;0.06512951;0.06703922932172869;0.0056284050290097915
2023-03-06;0.06975275;0.06782366990211616;0.0050611345752946514
2023-03-07;0.06332802;0.06824184063492889;0.004906339924040559
2023-03-08;0.06302249;0.06524681592650136;0.005218162581441455
2023-03-09;0.06320453;0.06714893529287817;0.0049516653381393464
2023-03-10;0.06022861;0.0653836973289263;0.005070645287606643
2023-03-11;0.05168918;0.06371175690027489;0.005309473669400426
2023-03-12;0.05477113;0.05974524388075457;0.0072156015203115815
2023-03-13;0.07188143;0.06066937647770432;0.005978443005364932
2023-03-14;0.06942792;0.06639446427105816;0.007221112082110939
2023-03-15;0.06912503;0.06513989829918827;0.005762124449467819
2023-03-16;0.06766758;0.07034820302233272;0.0053777847504773366
2023-03-17;0.06712383;0.0690445169769818;0.0050441076756439366
2023-03-18;0.06520806;0.06809806007562823;0.004873608171036021
2023-03-19;0.06549074;0.06640570220645584;0.004910357636036196
2023-03-20;0.06380654;0.06615396709575687;0.004780232107193358
2023-03-21;0.06242935;0.06541566934252606;0.00482800942040195
2023-03-22;0.06398261;0.06507741250262396;0.004907705279274238
2023-03-23;0.06338905;0.06566598476532257;0.0047856940795957
2023-03-24;0.06409714;0.06479539280068722;0.004823374091166673
2023-03-25;0.06373401;0.06559909300993895;0.004747783272101955
2023-03-26;0.06315165;0.06521108439231141;0.004779466743777111
2023-03-27;0.06337833;0.06512121021295679;0.004803457445347402
2023-03-28;0.06301213;0.06515625833738917;0.00478779086881987
2023-03-29;0.06483843;0.06468729256996758;0.00481274833956211
2023-03-30;0.06326078;0.06566945812173607;0.004740842007379568
2023-03-31;0.06378537;0.06470514110236265;0.0048219576331237374
2023-04-01;0.07282607;0.06557739813914328;0.004753311306874019
2023-04-02;0.07099819;0.06944311252526685;0.005770118709930181
2023-04-03;0.07003903;0.06818795575635916;0.0051078066450323065
2023-04-04;0.06477681;0.07047534526124401;0.004914290395833377
2023-04-05;0.0654367;0.06753804989189337;0.005372624562020104
2023-04-06;0.069766;0.0675654589630423;0.004991160790926327
2023-04-07;0.0629367;0.06806788709256639;0.00490957129274639
2023-04-08;0.06303829;0.06465415506452835;0.00525934564840139
2023-04-09;0.06311713;0.06681877956545215;0.004921629153385939
2023-04-10;0.06033655;0.06501277515401248;0.005026699349339356
2023-04-11;0.05273175;0.06361006542915203;0.005210396828084722
2023-04-12;0.05499139;0.060134044279343914;0.006825552360018696
2023-04-13;0.06414101;0.060652520576315955;0.005867576359950522
2023-04-14;0.06601679;0.06290423653659738;0.005339678720101969
2023-04-15;0.06885466;0.063842740855998;0.005120094854322667
2023-04-16;0.06898042;0.06803964488911729;0.005361205633482939
2023-04-17;0.06965494;0.06852227927661343;0.004937177135301185
2023-04-18;0.07043885;0.06933644877878994;0.004812316431667331
2023-04-19;0.0691347;0.06929989593250657;0.004772590515354017
2023-04-20;0.06748093;0.06851991244024204;0.004726464749302267
2023-04-21;0.0686401;0.06824485760479265;0.004728534252848157
2023-04-22;0.06763604;0.06864536519369577;0.004719940347394845
2023-04-23;0.06757019;0.0678357943894275;0.00472550677133812
2023-04-24;0.06741967;0.06825416729213564;0.0047124444228902156
2023-04-25;0.06710203;0.06801075645329532;0.0047176922968758086
2023-04-26;0.0660952;0.06786723212966463;0.004721472081639254
2023-04-27;0.06577932;0.0674112186869261;0.004765206673196814
2023-04-28;0.06467338;0.06717705428957108;0.0047692531652766545
2023-04-29;0.06464102;0.06642435898995457;0.004839340108935569
2023-04-30;0.06502488;0.0663468254059781;0.004801304422442103
2023-05-01;0.07457214;0.06625818043667638;0.004763120786698418
2023-05-02;0.07167628;0.07078437187304346;0.00605897469301217
2023-05-03;0.07009429;0.06911133383575435;0.005171552307230202
2023-05-04;0.06620798;0.07121496274550866;0.0048780712558689895
2023-05-05;0.0651934;0.06869970703351502;0.005227312040396992
2023-05-06;0.06970758;0.06750469766602017;0.005092151210256805
2023-05-07;0.06298147;0.06861286140902782;0.00494080886791549
2023-05-08;0.06304286;0.06476864938852107;0.005366179886506857
2023-05-09;0.06309248;0.06693682779197715;0.004962757901025776
2023-05-10;0.05946796;0.06517953292322123;0.005059184708619002
2023-05-11;0.05295496;0.06329673559934236;0.0054154846417347685
2023-05-12;0.05340281;0.060413305393389946;0.006708270212968437
2023-05-13;0.06751077;0.05970654777887894;0.006194036308987703
2023-05-14;0.06696753;0.0647106511883961;0.006303677003436217
2023-05-15;0.06692078;0.06376791251469477;0.005348377010547051
2023-05-16;0.06667312;0.06806067123285313;0.0051280143444022335
2023-05-17;0.06729563;0.06793743713319494;0.004867398373968933
2023-05-18;0.06673298;0.06765283832182202;0.0047600566543597195
2023-05-19;0.0671075;0.0669507505123875;0.00473456043505753
2023-05-20;0.06730104;0.0669791854591478;0.0047172424587308475
2023-05-21;0.06730264;0.06734441906193547;0.004714903821618873
2023-05-23;0.0675026;0.0675705822651292;0.004709413661961913
2023-05-24;0.06783926;0.06791149319743006;0.004717660854957298
2023-05-25;0.06803922;0.06802193025559714;0.004711442577428181
2023-05-26;0.06812177;0.06814858950937608;0.004711551296643717
2023-05-27;0.06823227;0.06826889974464327;0.004707348790235407
2023-05-28;0.06822712;0.06840789312070278;0.004682737122063449
2023-05-29;0.06782604;0.06846233372918481;0.004699111560543522
2023-05-30;0.06813814;0.06831958188924267;0.004754911043731504
2023-05-31;0.06842162;0.06850311398749614;0.004635434905050063
2023-06-01;0.07444468;0.06852244070847074;0.00464252068369887
2023-06-02;0.0710329;0.07149627228986004;0.0054520695832324904
2023-06-03;0.06989491;0.06970773514283361;0.004669596782628554
2023-06-04;0.06755759;0.07107089720308439;0.00475735711743296
2023-06-05;0.06708456;0.0691141561955498;0.004936424039082205
2023-06-06;0.07029771;0.06839661532095546;0.004826009437782285
2023-06-07;0.06275672;0.06938415471647759;0.004817475902750913
2023-06-08;0.06307449;0.06544498834846155;0.0055316633955260685
2023-06-09;0.06338385;0.06723017851421273;0.005046544661573575
2023-06-10;0.05880666;0.06523628392961436;0.005058382184030106
2023-06-11;0.05396774;0.06296958477228574;0.005528279740129264
2023-06-12;0.05206165;0.06087791715645981;0.006328784310501596
2023-06-13;0.06730315;0.05872083281913261;0.006484349474304901
2023-06-14;0.06712871;0.06479057415738163;0.0065805971387620735
2023-06-15;0.06587589;0.06350091083311835;0.00541603481325637
2023-06-16;0.06528658;0.06744151091574824;0.005029319783342231
2023-06-17;0.06525582;0.0672663881588689;0.004884467316551143
2023-06-18;0.0653287;0.06640913496648003;0.004746517620170938
2023-06-19;0.06536563;0.065875386063516;0.004785314926561016
2023-06-20;0.06477358;0.0656305138967258;0.004684827436961842
2023-06-21;0.06332227;0.06578108254180662;0.004683487098925092
2023-06-22;0.0627457;0.06527558115556814;0.004776562220917885
2023-06-23;0.06272969;0.06493035169426299;0.004804414985299159
2023-06-24;0.06171394;0.06452173204025527;0.0047952012368664846
2023-06-25;0.06164216;0.0638281527925049;0.004842164051945958
2023-06-26;0.06221829;0.06386144903151886;0.004794420778586562
2023-06-27;0.06162257;0.06389172891851845;0.004738607173353959
2023-06-28;0.06189232;0.06357800490972937;0.004767069839910717
2023-06-29;0.06103403;0.0638733430503161;0.004729668234709532
2023-06-30;0.0609011;0.06320089187599709;0.004814254498135944
2023-07-01;0.07487241;0.06323141788932639;0.004790786764369252
2023-07-02;0.07117949;0.06979016222722814;0.007042852955202526
2023-07-03;0.06989107;0.06727339031551066;0.005519993104753397
2023-07-04;0.06667604;0.07087870955675896;0.005076019982505716
2023-07-05;0.06572071;0.068469879724815;0.005103284689719091
2023-07-06;0.06932147;0.06727080761471785;0.004919679051644524
2023-07-07;0.06198393;0.06821772968635116;0.004827222732357134
2023-07-08;0.06307807;0.06402801697384453;0.005419907875891422
2023-07-09;0.06347099;0.06656004656331763;0.0048978119387408
2023-07-10;0.05885511;0.06463706512220291;0.004894843071719721
2023-07-11;0.05417774;0.06279046956449272;0.005343997174857126
2023-07-12;0.05125359;0.060747159189655175;0.0061553354835610355
2023-07-13;0.0616954;0.058052602255320884;0.006607490021393171
2023-07-14;0.06361478;0.06203168013258138;0.00554847936266239
2023-07-15;0.06373159;0.06159384345207011;0.004998278982949558
2023-07-16;0.0635992;0.06481021266028754;0.004856467283790683
2023-07-17;0.06369046;0.06525881998961625;0.004729164361649713
2023-07-18;0.06332332;0.06503172000980383;0.004704316784400153
2023-07-19;0.06354053;0.06443182089207311;0.004704137607605561
2023-07-20;0.06332358;0.06429693397625723;0.004662846687862361
2023-07-21;0.0634217;0.06429297648936622;0.004651470559593266
2023-07-22;0.06343238;0.06455873986017596;0.004642932151282101
2023-07-23;0.06263052;0.06462599270033607;0.0046477276310724685
2023-07-24;0.0627487;0.06425667105564929;0.004699394088046047
2023-07-25;0.06343295;0.064332136948285;0.004680030644126983
2023-07-26;0.0635687;0.06440394501818097;0.004645438870735496
2023-07-27;0.06356442;0.0644929016502899;0.0046314453085206245
2023-07-28;0.0636373;0.06474481890344666;0.004630110425471785
2023-07-29;0.06387866;0.06483744761128454;0.00463303342385589
2023-07-30;0.06395865;0.06494450357794503;0.004626666714258206
2023-07-31;0.06380558;0.06495807612797246;0.004623985926514001
2023-08-01;0.0747849;0.06493401627805057;0.004627909529079592
2023-08-02;0.07185695;0.0703681314462842;0.0064236960117357396
2023-08-03;0.07016908;0.06840376560827247;0.005267982026756873
2023-08-04;0.06659383;0.07085127693952312;0.004886881903762732
2023-08-05;0.06611764;0.06847003255811243;0.005030525179585486
2023-08-06;0.06966311;0.06754377965851739;0.004830985750934582
2023-08-07;0.06177702;0.06840088161698268;0.00477751695742
2023-08-08;0.06265443;0.06413372593061803;0.005472284334131324
2023-08-09;0.06286408;0.06647624834641444;0.004909696838768759
2023-08-10;0.05844008;0.06441787928075066;0.004936144773293664
2023-08-11;0.05330136;0.06244978199695422;0.0053434810745160745
2023-08-12;0.05452427;0.05993700723998732;0.006238429969264634
2023-08-13;0.0627732;0.05948290778626654;0.005682419156983062
2023-08-14;0.06287132;0.062105820640737774;0.005181223067925284
2023-08-15;0.06266731;0.06216220640364613;0.004790698764460415
2023-08-16;0.06265231;0.06458622478082018;0.0046614580602575085
2023-08-17;0.06271126;0.06447087768625157;0.004678641826168035
2023-08-18;0.06334684;0.064126090920439;0.004669886993184948
2023-08-19;0.06357565;0.06410272504615444;0.004618936337545349
2023-08-20;0.06399572;0.06408645709375807;0.004574821325899373
2023-08-21;0.06413593;0.06467461688991702;0.004585273458029202
2023-08-22;0.06388849;0.06490248812591387;0.004584449169211718
2023-08-23;0.06268724;0.06494530381074252;0.004594204177086691
2023-08-24;0.06328167;0.06433416203934933;0.004672389241980276
2023-08-25;0.06324643;0.0646090638414007;0.00462096337218671
2023-08-26;0.06341187;0.06423650729350387;0.004615584273631507
2023-08-27;0.06339025;0.06450557970097041;0.004590927651494661
2023-08-28;0.06334439;0.06456170363710038;0.004591936099220261
2023-08-29;0.06336629;0.06458969282426938;0.004595023481915985
2023-08-30;0.06250689;0.06461314380390011;0.0045946082362032774
2023-08-31;0.06260404;0.06411721013859457;0.004649666897099302
2023-09-01;0.07516605;0.06421560051126099;0.004622802345987057
2023-09-02;0.07205401;0.07018619514630926;0.006753507205787102
2023-09-03;0.07073412;0.06811059702143023;0.005390502482525582
2023-09-04;0.06627605;0.07120702830856096;0.004979870567350995
2023-09-05;0.06669949;0.06829648758054294;0.005147176817539829
2023-09-06;0.06963367;0.06792344228629399;0.0047843016386564545
2023-09-07;0.06150136;0.06819154357781897;0.004699583680885255
2023-09-08;0.06232335;0.06400567332153961;0.00544286133783725
2023-09-09;0.06298157;0.06623448144417088;0.004884374897760847
2023-09-10;0.05845468;0.06430569141591733;0.004853995393367666
2023-09-11;0.05286328;0.06221510391270739;0.005290986318583402
2023-09-12;0.05339663;0.059787562787516665;0.0063175265304014645
2023-09-13;0.06143379;0.05891537435533016;0.005845625093270262
2023-09-14;0.06127567;0.06129988197647793;0.005122784755389971
2023-09-15;0.06127877;0.06102686274821425;0.0047307060755444824
2023-09-16;0.06147494;0.06350355993037622;0.0046095009645414735
2023-09-17;0.06156437;0.06342052783106246;0.004642530075897998
2023-09-18;0.06131461;0.0631593392029833;0.00463804181355804
2023-09-19;0.06108429;0.0627436037004151;0.004634331331583433
2023-09-20;0.0605241;0.06252459366229329;0.004619179484368829
2023-09-21;0.05999287;0.062345226508668264;0.00463725131078442
2023-09-22;0.05970803;0.06211092461740425;0.004671881103784379
2023-09-23;0.0598928;0.06187634697888576;0.004684559788608885
2023-09-24;0.05990793;0.06180196501420533;0.004651364782107094
2023-09-25;0.0600597;0.061710833935941234;0.0046330844642685515
2023-09-26;0.06037669;0.06184060966361841;0.004609167143077193
2023-09-27;0.06057492;0.06199801774529015;0.004589183567704208
2023-09-28;0.06082833;0.06210171428312039;0.004579234771973002
2023-09-29;0.06123748;0.062280333773757926;0.004567299547356742
2023-09-30;0.06196677;0.062415359534650834;0.004546850269785733
2023-10-01;0.0767687;0.062916725665733;0.0045329966816539564
2023-10-02;0.07075352;0.07043262458123069;0.007720160043656737
2023-10-03;0.07067932;0.06696128197683374;0.005683152939223948
2023-10-04;0.06569618;0.07140661170014977;0.00519623914998419
2023-10-05;0.06688767;0.06734208064035156;0.0053394116744271075
2023-10-06;0.06932256;0.06762003312405392;0.004787918014170257
2023-10-07;0.06177887;0.06766414917509643;0.004680064823875925
2023-10-08;0.06265791;0.06394738773535877;0.00523555325177258
2023-10-09;0.06300548;0.06617416400210856;0.004774869195247548
2023-10-10;0.05728592;0.06416420958363776;0.004791253968476118
2023-10-11;0.05775234;0.06154743922572774;0.005492641263795089
2023-10-12;0.05371941;0.06213677489386795;0.005096433389782313
2023-10-13;0.05745528;0.05831963696488013;0.0059459081681190445
2023-10-14;0.05784466;0.06065347651688982;0.005005373444706023
2023-10-15;0.05785567;0.05941309380754381;0.0048177236310573595
2023-10-16;0.05750415;0.06053780353422606;0.004649152242236345
2023-10-17;0.05611905;0.06042067208581027;0.0047362587862732125
2023-10-18;0.05494929;0.0594915906164803;0.004939445457155122
2023-10-19;0.05516373;0.05859328267689048;0.005028696333506482
2023-10-20;0.05457899;0.058217982888070965;0.00491351811783212
2023-10-21;0.05414307;0.05761598885423225;0.004887234170438993
2023-10-22;0.05422806;0.057485269343112814;0.00485562287466857
2023-10-23;0.05533178;0.057389598011499315;0.004816221986593072
2023-10-24;0.05352374;0.05776386169399802;0.004678768031389018
2023-10-25;0.05258124;0.056735217771848215;0.0049068689041215545
2023-10-26;0.05169101;0.056548364146301586;0.004961542433029887
2023-10-27;0.0526986;0.05550560409003649;0.005258508273851823
2023-10-28;0.05255309;0.05570309535941729;0.0048379037721464875
2023-10-29;0.05217737;0.055286537284492676;0.004778628746332063
2023-10-30;0.05202693;0.055361370536040115;0.00476437488344641
2023-10-31;0.05241597;0.05531186173284783;0.004792645574349754
2023-11-01;0.0768164;0.05526822703844761;0.004751822709591127
2023-11-02;0.06997844;0.06770042176172862;0.010673975330909018
2023-11-03;0.07049855;0.06331201643446689;0.0070452020294942495
2023-11-04;0.06445669;0.0708583568136854;0.006283215321739489
2023-11-05;0.06678805;0.0657542309597898;0.00587201289655383
2023-11-06;0.0676967;0.06676688064730002;0.004964390457504131
2023-11-07;0.06186546;0.06583952274811163;0.004688927452459548
2023-11-08;0.06268837;0.06313463653485162;0.004879907274555372
2023-11-09;0.06260939;0.06514302768685007;0.004637307015906745
2023-11-10;0.05710399;0.06345336038847664;0.004680646038820192
2023-11-11;0.05582846;0.06106308983316831;0.005340639227233704
2023-11-12;0.05388791;0.06045572888332303;0.005297428875103613
2023-11-13;0.05528966;0.05797377418395749;0.005564398364565149
2023-11-14;0.05650911;0.05845601578470974;0.004986588965588953
2023-11-15;0.05589161;0.05851834367428484;0.004736739015641449
2023-11-16;0.05452813;0.05864443995024926;0.0047167696402186194
2023-11-17;0.0544004;0.05827385953526394;0.004908224379845818
2023-11-18;0.05374448;0.057830779328963446;0.00492518056015742
2023-11-19;0.05366379;0.05691716962410187;0.004962126818878282
2023-11-20;0.05378809;0.056703907369894564;0.004854510798915794
2023-11-21;0.05423439;0.056580402242595695;0.004779294095337139
2023-11-22;0.05406487;0.05679339221207139;0.0046954952116403876
2023-11-23;0.05525609;0.05669776672420014;0.004707635211979879
2023-11-24;0.05547828;0.057366433953348867;0.004605110134307873
2023-11-25;0.05515452;0.05729819976689819;0.004600155451218574
2023-11-26;0.05514051;0.05738587925883178;0.004618368224399232
2023-11-27;0.05520564;0.057396047336715286;0.004631302933778767
2023-11-28;0.05445959;0.05727422542295934;0.004629008134595407
2023-11-29;0.05419361;0.05686139841059013;0.004689469844531091
2023-11-30;0.05380209;0.056753495957648364;0.004691253062943764
2023-12-01;0.07737155;0.056340433245507686;0.004718692040693897
2023-12-02;0.07034024;0.0685129169416442;0.01047245983129091
2023-12-03;0.07161609;0.06403249944047038;0.00692586267359046
2023-12-04;0.06273834;0.07154224618115833;0.006337023198801081
2023-12-05;0.06641315;0.06530342353569901;0.006386792322112025
2023-12-06;0.06780649;0.06693704390165657;0.005187580489451188
2023-12-07;0.06130122;0.06561883087644212;0.004757219255634261
2023-12-08;0.06271637;0.06276537541386605;0.004955410162882328
2023-12-09;0.06155408;0.06526024321389726;0.004658999673795433
2023-12-10;0.05834952;0.06276964143952506;0.004833821230245448
2023-12-11;0.05548267;0.06169999680186038;0.0049957547319579125
2023-12-12;0.05382854;0.05991052285477336;0.005398285646871729
2023-12-13;0.05305804;0.05818039143909403;0.005467228346366607
2023-12-14;0.05265949;0.0571724594274362;0.005321838769857603
2023-12-15;0.05385844;0.05639460460862064;0.005142359645357113
2023-12-16;0.05304273;0.05689254614800285;0.004833823930952235
2023-12-17;0.05294444;0.05625667486471847;0.00490201970825966
2023-12-18;0.05327467;0.05644321790244011;0.00484571018399846
2023-12-19;0.05216372;0.05618901015182973;0.004809878196926565
2023-12-20;0.05155755;0.055385642272980595;0.004918854757442257
2023-12-21;0.05034936;0.055077366299524616;0.004920021096167843
2023-12-22;0.0510606;0.05407388325370503;0.005073585541597748
2023-12-23;0.05291727;0.05426620833274146;0.004857654755355604
2023-12-24;0.05272268;0.054795187050615445;0.004644620592423368
